id,lastname,gender,confidence
135391,FRYER,female,high
135484,PANNELL,male,medium
135076,MCGRATH,female,low
111954,GUEYE,male,high
125570,ATTIQ,male,high
88041,HUSSAIN,male,high
126556,MAJEED,female,high
129592,RABBANI,male,high
88042,RAHMAN,female,high
125571,REZA,male,high
126555,SINGH,male,medium
125564,CHINEDU,male,high
125563,KHAYER,male,high
88599,SANDHU,male,high
128846,WOODING,female,high
128850,KAZMI,male,high
125562,KHANAM,female,high
126557,RAHMAN,male,high
126406,TALAMBUTA,male,medium
125560,TALUKDER,male,high
88575,CHOWDHURY,male,high
88713,IQBAL,female,high
125583,ISHOLA,female,low
126409,SAMUEL,male,high
126410,SUCIU,female,high
125566,KHAN,male,high
128872,ALI SHAH,male,high
126412,ASHRAF,male,high
125585,NWANNA,male,high
88629,PONGO,male,high
125586,SHARMA,female,high
125588,SUTRADHAR,male,medium
38257,BRIGHT,female,high
128874,MUNANGATIRE,female,high
124863,TANIM,male,high
126193,WANE,female,high
125554,Ahamed,male,high
126415,Birlea,female,high
126562,Bugaitis,male,high
126416,Das,male,high
88381,Filipescu,male,high
126564,Polat,female,high
125555,Rahman,male,high
124865,BALLUCK,male,high
125569,BEGUM,female,high
129583,CEBI,female,high
87878,GHIYATHA,male,high
126418,KARKAUSKAS,male,high
93837,KAZI,male,high
126419,MELINTE,female,high
38482,QUADRI,male,high
126565,ROTARU,female,high
125568,SALDANA,female,high
126566,AHMED,male,high
38480,FREEBORN,female,high
129600,GUIBA,female,medium
125661,NANDRA,male,medium
126567,RAWSAN ARA,female,high
47008,AKBAR,male,high
125593,ALAM,male,high
125662,IDICULLA,male,high
125591,MENGALLE,female,high
126422,ADAM,male,medium
124778,BINTA MAZID,female,high
38492,CHOUDHURY,male,high
124866,CHOWDHURY,male,high
88631,RAHMAN,male,high
129584,RASOOL,male,high
126421,SUCIU,male,high
126568,AHAMAD,male,high
124867,AZAM,male,high
125558,CHOUDHURY,female,high
38497,HAROON,male,high
125666,JOHNSON,male,high
125559,FATEMA,female,high
129597,NAZIR,male,high
124868,NOREEN,female,high
126569,NUNES,male,high
88385,RAHMAN,male,high
126570,ROOMY,male,high
129598,ALI,female,high
38474,ASHRAF,female,high
125572,HOSSAIN,male,high
37202,MIAH,male,high
125573,MIHA,male,high
125574,RAHMAN,male,high
108875,SOHAIB,female,high
124871,DA COSTA SOARES,female,high
129599,KHAN,male,high
126573,KHATUN,female,high
125577,NWOKORIE,female,medium
125578,ROY,male,high
125669,SHEIKH,male,high
126427,ADAM,male,medium
125579,ADEGBULUGBE,female,high
129604,MAYDA,female,high
126574,BASHIR,male,high
125671,GIBBS,female,high
125595,UBA,male,high
108874,ADEYEFA,male,high
125580,AHMED,male,high
118268,DEB ROY,female,high
126429,BODDUKOLA,male,high
126575,ISLAM,male,high
126431,PASAT,female,high
125582,PATEL,male,high
118464,SIDDIQUI,female,high
88894,YUSUF,male,high
124128,Homapour,female,high
125698,Mofsowitz,male,high
135848,Robins,male,medium
135932,Baker,female,high
135933,Jenkins,male,high
124130,Ramanakumar,male,high
135965,Ram,female,medium
124149,Herberg,male,high
124132,Turner,male,low
88405,Ghosh,male,high
136108,Gucuk,female,high
136059,Paganelli,male,high
136980,Halil,female,medium
136981,Ioannou,male,high
136983,Pavanakumar,male,high
38980,Skeja,female,high
136984,Szostak,female,high
136838,Godsi,male,high
124152,Menon,male,high
88531,Gordon,male,medium
137086,Shah,female,high
47134,Sharma,male,high
46128,Gurung,male,high
137229,Wiseman,female,high
137360,Azari,male,high
137362,Dinner,female,high
137364,Hughes,female,high
137365,Krali,female,high
137246,Sachania,male,high
43653,Akbiyik,male,high
137170,LANCASTER-,female,high
137415,Ali,female,high
137416,Cerutti,male,high
124135,Bennett,male,high
137544,DE CASTRO,male,high
137547,LANCASTER-,female,high
137466,Liu,female,low
124136,Thay,female,high
124139,Lachter,male,high
137618,Taylor,female,high
109397,Alduk,female,low
137675,Way,female,high
137530,Briamonte,male,high
117863,Theodorou,female,high
137715,Kama,male,medium
137766,Gomez,female,medium
137769,Sodha,female,high
137770,Truta,female,high
88910,Bille,male,high
137744,Hegde,female,high
137778,Lohmann,female,high
137779,Mosca,male,high
127456,Laybourn,male,high
127457,Soura,female,high
127410,Pinder,male,high
127411,Politano,male,high
127442,Holt,male,high
86684,Denton,male,high
110246,Nayeri,female,high
110237,Nepal,male,high
109768,Bettney,male,high
127510,Rayner,female,high
127529,Corker,male,high
127534,Kurnovs,male,high
127537,Tupling,male,low
78097,Fielding,male,high
127685,Bootha-King,female,high
127702,Gregory,female,low
98834,Holling,female,high
127727,McCrum,male,high
127742,Wall,male,high
134053,GIDDENS,male,high
134172,LEWIS,male,high
134178,KATTADY,male,high
9606,REID,female,low
109893,ROY,male,high
134248,MORRIS,female,high
129519,Weerasiri,female,high
129504,SHRESTHA,male,high
129500,BANERJEE,male,high
129501,BUTLER,female,high
86920,PATEL,male,high
129497,FERREIRA,male,high
129499,WILKINSON,male,high
76949,KOTECHA,male,high
129433,GREEN,female,high
127355,GRIFFITHS,male,high
40783,KHAN,male,high
74770,OLAYINKA,male,high
127429,Allen,female,high
86941,Carew,female,low
131364,BASARAN,female,high
40930,MUNUR,male,high
131367,ZAHEDI,female,high
131335,Ene,male,low
131252,AHMET,female,high
131256,KIMBUGWE,male,low
130657,OTEM,male,high
131116,GALE PARR,female,high
125540,Fasano,male,high
131008,STEWART,female,high
130590,ASO-RASHID,female,low
92197,SCHREIBER,female,high
87065,Shvorob,male,high
131419,Adepoju,female,high
131424,Uwhokori,male,low
87083,CHRISTOFORIDES,male,high
130470,LYNCH,male,high
130471,MINKA,male,high
130897,MOHAMMED,female,low
125312,Bhatti,male,high
124945,O'Shea,female,low
134424,Patel,male,high
134425,Robinson,female,low
134442,TOESCU,male,high
134481,Ahamad,male,high
124079,Khalid,female,high
10047,Khan,female,high
125520,AHMED,male,high
134518,ALI,male,high
134523,HUSSAIN,male,high
41574,ISLAM,male,high
124941,AMIN,male,high
134528,NAZ,female,high
134544,SINGH,male,high
132902,TREHARNE JONES,female,high
134565,AFTAB,male,high
124943,CHISHTY,female,high
124944,KHAN,male,high
134569,NAEEM,male,high
123621,ROBERTS,female,high
134571,EASY,male,high
124947,MAHMOOD,male,high
88494,AZIZ,male,high
88495,BURKEY,male,high
134592,HUSSAIN,male,high
134616,AHMED,male,high
134617,KAZI,male,high
123877,OBAD,male,high
123726,TUKI,male,high
134716,VIKAL,female,high
40575,GREEN,female,high
134812,ALLEN,male,high
134814,NWOFOR,male,low
125517,SHEIKH,male,high
134815,WAGG,female,high
134886,JONAH,male,high
134887,KARAGIANNOPOULOS,male,high
124953,KHAN,male,high
124952,SHAH,male,high
134932,SINGH,male,medium
134933,SIVA,male,high
134976,SHERGILL,male,high
134977,VIDHANI,female,medium
134364,CHOUDHURY,female,medium
91605,CHRISTOFFERSEN,female,high
134368,TARANSSARI,male,high
42716,UDDIN,male,high
84928,WARD,female,high
18979,STORER,male,high
134658,ANKRETT,female,high
125318,KAYANI,male,high
89384,KHAN,male,high
134662,KIANI,male,high
125320,SHAFIQUE,male,high
134664,TANK,male,medium
135111,AKHTAR,male,high
91909,KHAN,male,high
41784,MEHMOOD,male,high
41769,AHMED,male,high
125345,ARABI,male,high
91694,BANO,female,high
135658,DUKES-HOGAN,female,high
135660,HUSSAIN,male,high
88421,IQBAL,male,high
135662,QURESHI,male,high
135663,SALIM,male,high
89543,AHMED,female,medium
135676,SHABIR,female,high
135687,BRITTAIN,male,high
125225,DAKUNIVOSA,male,high
10070,LAL,male,high
135688,MOHAMED,male,high
40968,RAHMAN,male,high
135709,ATHOLI,male,high
135710,BANGER,male,high
91599,CHUMBER,male,high
135713,HAFEEZ,male,high
135715,KHAN,male,high
125354,KULAR,female,high
91596,SURTI,female,high
135737,SHAHZADA,male,high
135738,SHARMA,female,high
135739,ALI,male,high
135740,HUSSAIN,male,high
135741,ISLAM,male,high
135743,SEHARAI,male,high
41368,SHAH,male,high
135763,ATHOLI,male,high
125226,HAMILTON,female,high
135768,TANVEER,male,high
40996,MEHMOOD,male,high
135180,PARKIN,male,low
123370,DOSANJH,male,high
135013,HUMPHREYS,male,high
135234,ASONIBARE,female,high
135238,SANUSI,male,low
134874,DIN,male,high
125336,KHAN,male,high
134876,RAYEAN,male,high
134878,UDDIN,male,high
126361,ZAFFAR,female,high
123725,MABHENA,male,high
41521,QAZI,male,high
135073,SHAH,male,high
135135,AHMED,male,high
135135,FARAH,male,high
123371,REKA,male,high
135137,SUFIAN,male,high
135138,WARMINGTON,male,high
125357,BEGUM,female,high
135132,MIAH,male,high
135058,ANARFI,male,high
135059,ARIFEEN,male,high
135061,HASSAN,female,medium
125342,KHAN,male,high
135065,XAVIER,male,high
135107,KHAN,female,high
135099,KHUHRO,male,high
135056,KHAN,male,high
125359,KHUHRO,male,high
134990,UL-HAQ,male,high
125361,HUSSAIN,male,high
134948,KAUR,female,high
125375,KHAN,male,high
134950,PENAKACHERLA,male,high
134951,VIKAL,male,high
134865,SMYTH,male,low
50455,GOPAL,female,high
125321,KHATTAK,male,high
125363,AHMED,female,high
123557,AL-ATHWARI,male,high
134787,ALI,male,high
134790,DHALIVAAL,male,high
134791,HANIF,male,high
126677,HUSSAIN,female,medium
117564,HUSSAIN,male,high
9903,KHAN,male,high
134792,KHANNA,male,high
125325,TALUKDAR,female,low
134747,BHATTI,male,high
123373,BROOKS,female,high
39212,CREMER,female,high
41592,MENDEZ,female,high
134749,POSHAKWALE,male,high
125326,YOUSAF,male,high
91893,AL-HAQ,female,high
115519,ZAHIR,female,high
134684,ABBAS,male,medium
91688,ABU,male,high
95361,AHMED,female,high
134685,HANIF,male,high
134686,HASHMI,male,high
134688,HUSSAIN,male,high
134689,KHAN,male,high
134690,PETERS,male,high
134645,AFTAB,female,high
91908,BI,female,high
134646,BUTT,male,high
9918,CHOUDHRY,male,high
42093,HUSSAIN,male,high
91895,MAHMOOD,male,high
134649,NASEEM,male,medium
134652,WALCOTT,female,low
134575,BUTT,male,low
134579,KHAN,male,high
134580,PERRYMAN,male,high
91827,WILBER,female,high
134439,MORGNER,female,high
125378,PAWSON,female,high
134372,IBRAHIM,male,high
125367,PURI,male,high
134351,IQBAL,male,high
91207,JOHN,female,high
134352,MUSTIFA,male,high
126107,RAHMAN,male,high
91907,ALI,female,medium
134321,MEHTA,female,high
134322,TASLEEM,female,high
125381,BHAGALIA,male,high
134311,SAID GIANLUCA,male,high
134312,STANTON,female,high
134286,MIAH,male,high
134287,RAMAN,female,high
125309,YAQOOB,female,high
139158,,male,high
125330,Iqbal,female,high
111190,Chopdat,male,high
90214,Raja,male,high
45650,AKHTAR,male,high
131860,CHOUDHRY,male,high
45646,ALI,male,high
131866,DUDHARA,male,high
45647,FAZAL,female,medium
10136,KHAN,male,high
131877,TARIQ,male,high
131878,WHITTLE,male,high
131883,ABDELRAHMAN,male,high
77489,CADE,male,medium
132503,KHAN,male,high
132504,LORGAT,male,high
132034,DELANEY,female,high
132017,ALI,male,high
132018,SHAHEEN,male,high
132019,SIDAT,male,high
132020,UL-HAQ,male,high
41738,AKHTAR,male,high
11293,KHONAT,male,high
41461,MARROW,female,high
132006,NASER,male,high
132007,PATEL,male,high
132008,PATEL,male,high
132009,PATEL,male,high
128908,Chohan,female,high
89248,Webb,male,medium
105699,Alom,male,high
105702,Alom,male,high
127393,Chohan,male,high
127394,Heyes,male,high
129028,Khan,male,high
74927,Patel,male,high
129039,Qureshi,male,high
77747,Patel,male,high
129158,Cozens-Stott,male,medium
129160,Gilmour,female,high
129171,Arif,female,low
126460,Vara,male,high
105671,Ali,male,high
126459,Patel,male,high
106668,Shah,male,high
11698,Butt,male,high
124120,COHN,male,high
13515,AHMED,female,high
132142,BHATTI,female,high
65542,CHOUDHRY,male,high
132143,GHORI,male,high
132144,NIAZ,male,high
132146,SABIR,male,high
132148,SYED,male,high
132184,ALI,male,high
132185,ALI,male,high
132188,DAR,female,high
132189,FAROUQ,male,high
132191,JAMIL,female,high
132192,JOHN,male,high
132193,KHAN,male,high
132194,KHAN,male,high
105369,KHAN,female,high
132197,ZAKI,female,high
131885,AFZAL,male,high
131886,ALI,male,high
131888,CHOUDHARY,male,high
38314,GAZI,male,high
65544,IQBAL,male,high
131891,JAHANGIR,male,high
131892,KHAN,male,high
131894,PARVEEN,female,high
131896,SHABIR,male,high
131904,ALI,male,high
131905,ALI,female,high
131906,GREENE-WRIGHT,female,high
131910,HUSSAIN,male,high
13487,MAHMOOD,male,high
131911,MUNIR,male,high
131913,OSMAN,male,high
131914,SALEEM,male,high
110871,SALEEM,male,high
131915,SHEIKH,female,high
131917,TABASSUM,female,high
132240,ABID,female,high
38324,ENGEL,female,high
132244,HAMEED,male,high
110876,ILYAS,female,high
132246,MIRZA,male,high
132247,SHAH,male,medium
132248,SHAHZAD,male,high
132249,SULEMAN,male,high
132416,BUTT,male,high
65481,HUSSAIN,male,high
132418,JAMSHAD,male,high
132419,MAHMOOD,male,high
105355,RASOOL,male,high
132423,SAWAR,male,high
132226,AKHTAR,male,high
132232,GUPTA,male,high
65549,HUSSAIN,male,high
132233,IQBAL,male,high
110895,SIRFERAZ,male,high
132237,ZAMAN,male,high
110900,AHMED,male,high
132278,BASHIR,female,high
132283,ISLAM,male,high
38335,MOHAMMED,female,high
132287,RANGZEB,female,high
132277,AHMAD SAJJAD,male,low
94056,KHAN,male,high
38321,RIACH,female,high
132313,GODFREY,female,high
132469,AHMED,male,high
132474,LLOYD-BROWN,male,high
110916,RAZAK,male,high
110912,SHABIR,male,medium
94079,ZAMAN,male,high
110914,AHMED,male,high
94060,JOOMUN-WHITEHEAD,male,low
13568,ALI AROBI,female,high
131837,ASGHAR,male,medium
94084,ELAHI,female,medium
131839,GRANT,male,high
65543,KHAN,male,high
131841,KHAN,male,high
131843,RASOOL,male,high
13570,SAJAWAL,female,medium
65554,SALAM,male,high
131847,ZAMAN,male,high
132106,ALI,male,high
93489,ANJUM,male,high
105441,KAUSER,female,high
65541,MIAH,male,high
132113,RANA,male,high
132343,RAW,female,high
132218,WORBOYS,male,high
132253,AWAN,male,high
132257,KHAN,male,high
110925,AHMED,female,medium
132390,GONDAL,male,high
132391,HAGAN,female,high
13569,HUSSAIN,male,high
132396,RAHMAN,female,high
132397,REHMAN,female,high
132400,SIDDIQUE,male,low
13638,HUSSAIN,male,high
131818,HUSSAIN,male,high
110875,HUSSAIN,male,high
131819,KAMRAN,male,high
131820,KHAN,male,high
131822,RAFAQAT,male,high
131823,RAMSDEN,female,high
124177,REHMAN,male,high
131825,YAQUB,male,high
132135,BUTT,male,high
65563,ILYAS,male,high
13472,KHAN,female,high
94064,PATEL,female,high
131828,HALL,male,high
131830,MCMILLAN,male,high
110868,SHANA,female,low
75731,TELFER,female,medium
132361,CHRISTIAN,female,high
123700,EBERT-FORBES,female,high
132363,OXLEY,female,low
133664,ANANADA,female,high
133666,CHAUHAN,male,medium
123318,MORRISON,male,high
133667,PANDYA,female,high
133669,PATEL,male,high
133670,PATEL,male,high
134866,ABEL,male,low
123321,IBRAHIM,female,high
134871,KARANIA,male,high
134867,DE LISLE,female,high
134873,PANCHOLI,male,high
133784,AWOMOYI,male,high
133787,FULTON,male,high
133790,RASKIN,male,high
123322,THOMAS,male,low
134880,CHEEMA,male,high
47752,DAR,male,high
47755,GILBERT,female,high
134881,NATARAJAN,male,high
134882,PATEL,male,high
39492,AHMED,male,high
137128,AJIBADE,male,high
137129,BOSWIE,male,high
137133,KOKOSHI,male,high
39498,MAHMOOD,male,high
137135,PATEL,male,high
92696,ROY,female,high
92702,DERIA,male,high
134985,MUESES FURLONG,male,high
134982,KARSAN,male,high
134983,LEMOS,female,high
134986,ODUNSI,female,high
134987,SAIYAD,male,high
134988,WELLINGS-LONGMORE,female,low
133679,HASSAN,female,high
92714,HIRANI,female,high
48319,KANSAGRA,male,high
133682,MEHTA,male,high
133683,NAZERALI,male,high
133684,PATEL,male,high
133685,RADIA,male,high
133686,SINGH,male,high
135143,HOLMES,female,high
135144,MANJI,female,high
135145,WALLACE,female,high
123327,BAJWA,female,medium
48073,BUTT,male,high
135123,CARP,male,high
135125,KERWICK,female,high
135126,PAREKH,male,high
135128,RAWAT,male,high
92433,BAJWA,male,high
136519,BROWN,male,medium
136520,CHAUBEY,female,high
89582,NEGI,male,high
123328,RAJAN-VINCE,female,high
136522,SHARMA,male,high
136523,VAKANI,female,high
135161,BORSOS,male,high
47720,HYLTON,female,high
123329,FADAKAR,male,high
133705,GOHIL,male,high
89209,MISHRA,male,high
46504,MISTRY,female,high
133708,MOHANTY,male,high
133710,NYARKO,female,high
133711,PATEL,male,high
133712,WARSAME,male,high
136445,NEGI,female,high
136446,NKWAYA,female,low
136449,REEVE,male,high
136450,SHARMA,male,low
137160,ALAM,male,high
123333,ANDERSON,female,high
137162,CHENG,female,medium
47470,DONNELLY-JACKSON,female,high
137164,KHAN,male,high
137165,PANT,male,high
123938,PATEL,female,high
137166,SHUKLA,male,high
38970,ADEN,male,high
136851,AKHTAR,male,high
136855,HUSSEIN,male,high
92721,JEYAKUMAR,male,high
38973,KNIGHT,female,low
136859,MENDONCA,male,high
136860,RANGANATHA,female,high
92704,ROY,male,high
136861,SZEP,male,high
89308,ZAVERI,male,high
89306,BENEA,male,high
137180,FINAVIYA,male,high
137181,PATEL,male,high
137183,PATEL,female,high
137184,SHAH,male,high
137185,SILVA,female,high
45627,CHOWDHURY,male,medium
136175,KHAN,female,medium
136177,MOKAL-PAREKH,female,medium
123337,AHMED,male,high
74377,CHADHA,female,high
133765,MISAL,male,low
133766,MOHAMED,male,high
133767,MOHAMED NALEER,female,high
133769,POZA,male,high
92398,ROY,male,high
133770,TOMSONE,female,high
48325,ARASU-SEELAN,male,high
136899,DOKWAL,male,high
136901,JANSALI,female,high
136904,OWEN,female,high
136905,PATEL,male,high
136907,SHAH,male,high
47724,SHETH,male,high
134856,AINSWORTH,female,high
134858,DIAS,female,high
134861,MENDONCA,female,high
91514,MOEEN,female,high
134862,NAWAZ,male,high
92310,PATEL,male,high
91509,DIAS DO ROSARIO,male,high
48138,DOKWAL,male,high
136916,IDEIS,male,medium
123339,SARAL SHARMA,female,medium
136920,WARSAME,male,high
89159,CHOUDRY,male,high
137208,FLAVIUS,male,high
137210,RAMANANDAN,male,high
118457,THAKKAR,female,high
47476,THIESSEN,female,high
92685,WIDURI,female,high
127087,SANDERS,female,high
109742,COOLBERGEN,male,high
109859,SUNGER,female,high
127108,BAKHSH,male,high
12907,Owolabi,male,low
62249,SLADE,female,high
127131,GRAHAM,male,high
127132,SAUNDERS,female,high
130663,GEORGE,male,high
40528,Gupta,male,high
130714,Zubair,female,high
130700,BILMANIS,male,high
130706,Senior,female,high
94037,JALAN,male,high
130725,KRISHNA,male,high
123886,PUTTASWAMY,male,medium
94167,GAMBAROTTA,male,high
130642,REYNOLDS,male,high
130743,GULATI,female,high
130744,ISA,female,high
130749,KENNEDY,male,high
130750,NWULU OLADIPUPO,female,high
130754,KNOWLES-WEIR,male,high
93567,OWENS,female,high
130668,MCKENLEY-OSBOURNE,female,high
40060,ROWLANDS,male,high
130782,MILER,male,high
93560,PAPAYANNAKOS,male,high
130792,Puthenpurakal,male,high
130818,Ubochi,male,high
125835,ADEDIRAN,male,low
46882,LOOSEMORE-REPPEN,female,high
125833,PALMER,male,medium
130847,EVANS,female,high
127441,Johnson,female,medium
127477,NIKOUND IMB,female,high
112739,SONUBI,female,low
97763,COLES,male,high
123223,BURKI,male,high
43874,HUSSAIN,male,high
129403,ALI,male,high
15105,RAJA,male,high
129380,HAYAT,male,high
121023,MOKHAMMAD,male,high
129413,HEWITT,male,medium
128822,Grant,female,low
78744,ARIF,female,high
123544,RAHMAN,male,high
128779,ZAHOOR,male,high
129167,RILEY,female,high
95068,ASLAM,male,high
107464,CHAUDHRY,male,high
107382,Zaman,male,high
94851,MEHBOOB,male,high
128722,REDMUND,male,high
128714,SHEPPARD,female,high
126502,CAMPBELL-ROBINSON,male,high
128798,KHAN,female,high
113120,SHAMIM,male,high
128718,PRENTICE,female,high
123545,SCHWARTZ,male,high
128737,NASIR,female,high
128738,Roith,male,high
134781,GIWA,male,low
134786,OWENS,female,high
134787,THICKETT,male,medium
134768,HURLES-GREEN,female,high
134769,ANDERSON-MARTIN,male,low
134770,MORRIS,female,high
134771,HUSSAIN,male,high
134772,SAGHIR,male,low
134773,MILLS-BRAND,female,high
135000,BLYTHE,female,high
12934,LOFTUS,male,high
135029,DANN,male,high
135030,DEVLIN-DICKENSON,male,high
66725,KHAN,male,high
109751,ASHFAQ,male,high
135115,GOYAL,male,high
135116,HAROON,female,high
135118,KHALIL,male,high
135119,LOWE,male,high
36873,SAGHIR,male,high
135167,HOLMSTEDT,female,high
135174,WILSON,female,medium
135258,PAYNE,male,high
135262,SHIRE,female,high
124776,LOOGIE,male,low
135330,PIPE,female,high
135349,CORKISH,female,high
135351,HINTERLAND,female,high
135356,SADDIQUE,male,low
131286,BURROWS,male,high
131287,DAVISON,female,high
131297,IYER,female,high
124371,RUSHDHI,male,high
124372,BOBROWSKA,female,high
124019,AHMED,male,high
121537,XIONG,female,low
130924,HARRIS-HERCULES,female,high
130925,MURTON,male,high
124017,AHMED,male,high
131276,BURT,male,high
138771,Buffouge,female,high
138772,Casalotti,male,high
138773,Lass,male,low
108978,Leman,female,high
138855,Ojeda-Sanchez,male,high
138857,Tomas,male,high
138840,Offer,male,high
138841,Vaidya,male,high
138803,Leipold,male,high
93198,Monk,male,medium
138806,Verster,male,high
138698,Graham,female,high
134378,Hiranandani,male,high
134379,Link-Gurprasad,male,high
134381,Mohamed,male,high
36685,Roquefort,male,high
94623,Atolagbe,female,medium
94626,Djemai,female,high
138736,Eineagain,male,high
138732,Hakimi,male,high
138734,Mecava,male,high
138735,Moaveni,male,high
138749,Finn,male,high
138724,Dervish,male,high
36705,Wagner,male,high
92544,Ascher,female,high
138678,Kohli,male,high
138679,Laidman,female,high
138682,Phillips,male,high
94241,Tuinstra,male,high
138716,Atkinson,male,low
138718,Lopez-Turner,male,high
138719,Moalin,male,high
46513,Patel,male,high
138578,Cowell-Berry,male,high
94612,Frost,female,high
138583,Renny,male,high
95127,Akpoke,female,high
138818,Fekulova,female,high
138858,Chorniy,male,high
138859,Fafian,male,high
138862,Islam,male,high
138863,Jaigirdar,male,high
94618,Hariharan,male,high
138767,Jessup,male,low
138842,Bakth,male,high
138844,Daden,female,medium
138846,Gold,male,high
138847,Islam,male,high
91998,Miah,male,high
138848,Webster,male,high
95079,Joshi,female,high
138787,Samarxhiu,male,high
123945,Wadhwani,female,high
109986,HART,male,medium
39113,SUTTON,female,high
125533,Cetin,male,high
110361,LYNCH,male,high
127250,SANTILAL,female,high
127367,Omekandji,male,high
110648,Bellingham,female,high
127431,Nagy,male,high
127351,Wells,female,high
122153,Aribisala,male,high
122170,Parker,male,high
128654,Caso,male,high
131381,MALIK,female,medium
77158,CASH,female,high
110897,CHURCHILL,male,low
127251,Boni,female,high
127252,Fisher,female,high
127284,KHIDIR,male,high
127285,MELBOURNE,male,high
127302,STEVENS,male,medium
127307,LACIS,male,high
127308,PINTO,male,high
17527,ADEYEMI,female,high
127315,MIAH,male,high
132404,ROLLO-HISLOP,female,high
15443,MACLEAN,female,high
132713,POPESCU-RICHARDSON,female,high
15496,HARDY,male,medium
132437,CARRINGTON,female,high
106219,ANBOUCHE,male,high
132638,BUTLER,male,high
132587,HESKINS,male,high
38254,BIRDI,male,high
11809,JANDU,male,high
137822,MASTERSON-LAWRENCE,male,high
111271,NKANTAH,female,high
137823,RAM,male,high
61029,LAKHA,male,high
137842,RAHIMIAN,female,high
137846,AHARI,female,high
137848,ASHIRU,male,high
137852,MADZI,male,low
137854,PALA,male,high
137881,GILTRAP,male,high
55538,MEESALA,male,high
137897,MISALA,female,high
67778,QAZI,male,high
137898,RATHOD,male,high
137899,REHMAN,male,high
137900,SHARGILL,male,low
137909,KHAN,male,high
137910,SCARIYA,male,high
137911,VARGHESE,female,high
137926,AGARWAL,male,high
137929,KIANI,female,high
137931,O'TOOLE,female,high
137933,SHAIL,male,high
137934,SINGH,male,high
137936,ABUBAICAR,male,high
40601,HARVARD,male,medium
137939,RAHATI,male,high
137793,AKHTER,female,high
82735,BOSWORTH,female,high
137797,CHOPRA,male,high
137800,NWAKILE,female,high
40637,SINGH,male,medium
137607,CHAUDHRY,male,high
137608,KHAN,male,high
111272,CHRISTOPHER,female,high
81645,GARDINER,female,high
11831,AKHTAR,male,high
137973,APOSTOL,male,high
118099,JOBBAR,female,high
82744,JONES,male,high
56630,AULUCK,female,high
137983,CARDWELL-KASHIF,female,high
137987,KUMAR SINGH,male,high
72802,HAYRE,male,high
104783,KAUR,female,high
138017,MCLEOD,female,high
138018,RAHATI,male,high
138028,ANWAR,male,high
138033,FATTAH,male,high
104813,REDDY,female,high
138039,SINGH,male,high
66560,AKHTAR,male,high
111279,KHATKAR,male,high
138054,PATEL,male,high
138061,AWOYEMI,male,high
138063,CLARK,male,high
138070,TAHIR,female,high
138084,DHADDA,male,high
104898,MISAGHI,male,high
138087,NAGULESWARAN-CLARKE,female,high
40638,SOARES,male,high
138088,TAUSEEF,female,high
130821,RODRIGUES BRAGA,female,high
124351,AININE,male,high
130533,CONWAY,female,high
130534,HUSSAIN,male,high
130837,RZEPA,male,high
130802,GEDGE,female,low
130804,Whiston,male,high
130793,KUZAMBA,male,high
124353,RAJA,male,high
124354,COWELL,male,high
130873,HAINS,female,high
130877,SHAFIQ,male,high
129209,BERTA,male,high
129238,Khan,female,high
129239,Konecni,male,medium
94171,Zaborski,male,high
129265,Abidi,male,high
129266,Davis,male,low
129268,James,female,high
129271,Ogunlolu,male,high
84388,Fadipe,female,high
129292,Greene,male,high
42730,Salim,male,high
129294,Thomas,male,high
129301,Singh,male,high
84376,SHERINE THAMPI,male,high
94477,GOBIDAAS,female,high
123951,LINSDELL,male,high
129308,SORENSEN,male,high
129309,Xavier,male,high
123643,Mukhiya,male,high
77221,Patel,female,high
47115,Kolade,male,high
129339,Qureshi,female,medium
129340,AHORGAH-DORFIA,female,high
129341,AMUZU,male,high
75915,TREVETT,female,high
129344,Williams,male,high
129349,SEBBIE AMOAH,female,high
129352,ARAIN,male,high
123752,PREMLAL,male,low
129743,Benze,male,high
84379,Bowen,female,high
42724,Gunter,female,high
129744,Parameswaran,male,high
129745,Syed,female,high
94275,Dhamodaran,female,high
129361,Sandrasegara,male,high
84377,LLABUTI,male,high
84378,DWESAR,male,high
13068,PETRE,male,high
129362,BALACHANDRA,male,high
129364,GAWRYS,male,high
43897,HOPLEY,female,high
129758,MANCA,male,high
129759,QURESHI,female,high
129666,AZIZUDDIN,female,high
129763,Ehirim,male,high
46852,ELLIS,female,high
129770,FLANAGAN,female,high
123648,ANDRASI,male,high
129813,Dawson,female,high
129814,Frederick,male,high
129817,Segaran,male,high
129819,Andriesz,female,high
129820,Fidalgo,male,high
129564,ARCHER,female,high
129566,GHORI,male,high
129569,SAM,male,high
129573,Weyman,male,high
111508,HUSSAIN,male,high
129513,KHAN,male,high
129559,BULL,male,high
129561,FREA,female,high
95113,GRAHAM,female,high
95114,HOWARD-JONES,male,high
94894,Mohiuddin,male,high
111979,ANEESA,female,high
99666,DUGMORE,male,high
112358,HOLMES,female,high
132223,SHERWANI,male,medium
132251,EVANS,female,medium
99640,FLAVIN,male,low
132264,SHERWANI,female,high
132295,BEED,male,high
111985,COLLINS,female,high
132301,HARRIS,female,high
132305,PALERMO,male,high
45241,AHMED,female,medium
132334,KAUR,female,high
132357,SINGH,male,medium
111964,HERBERT,male,high
112498,BIBI,female,high
99618,QARI,male,high
99619,QAYYUM,female,high
39586,HUSSAIN,male,high
123456,Abbasi,male,high
128727,Cassel,female,high
128733,Strollo,female,high
117593,Gill,male,high
128672,Khan,male,low
87364,Mellor,female,low
90537,Uddin,male,high
128673,Uddin,male,high
128348,HARE,female,high
128382,MURTAZA,male,high
126303,ABUTOAIEI,male,high
87292,Singh,male,high
128703,ABRAHAMS,female,high
128704,AHMED,male,high
128711,Souren,male,high
86436,BABIC,male,high
128741,FITZGERALD,male,high
128742,POTE,male,high
128745,Satam,female,high
128747,Thanga,male,high
128748,Thomas,male,medium
126305,KHORSANDI,male,high
128758,RAJA,male,high
128759,Whelan,male,high
128582,Akhter,female,high
128617,Andrysiak,male,high
38517,Dima,male,high
128698,Izza,male,high
128683,AHLUWALIA,female,medium
109938,ISLAM,male,high
128685,SAHOTA,male,high
128794,MEHTA,male,medium
126308,NUR,female,medium
128766,LEMONTAGNARD,male,high
84690,ROY,male,high
87113,SCOTT,female,high
126309,TUNCA,male,high
128805,WILLIAMS,female,high
86437,SULLIVAN,female,high
128808,De Blacam,male,high
87300,IZMIRLIEVA,female,high
128825,ALI,female,high
84308,MURTAZA,male,high
128829,OGUNSANLU,male,low
128830,ONY,male,high
125049,RAINA,male,high
86384,Solski,male,high
128831,Wadwa,female,high
128839,ATHERLEY,male,low
128842,HORVATH,male,high
126311,NIEDERWANGER,female,high
128845,Sivapalan,male,high
128856,CALITO,male,high
123814,COPPING,male,high
38702,FRUZZA,male,high
128859,Ullah,male,high
126314,Alharahsheh,male,high
129250,Bialek,male,high
129275,Keppetipola,male,medium
129279,Rezgui,male,high
38564,DALAL,male,high
128883,ILIE,male,high
87370,NAHAR,female,high
128886,Tambar,male,medium
126317,KULAR,male,high
128913,LEVENTIC,male,high
128901,ADEGUNWA,male,high
86446,COATES,male,high
125482,HULESCH,male,high
128667,SHARMA,female,high
127665,Petty,male,high
42733,BAINS,male,high
125870,Lawrence,female,high
128253,Tapley,male,high
42427,BRADBURY,female,high
138195,DEL BONO,female,medium
80898,Magesh,male,high
112053,BOGHANI,female,high
132731,NG,male,low
129258,BILGRAMI,female,high
102121,GOLDMAN,female,high
102117,PERSAND,female,high
54979,WALKER,female,high
102165,HORTON,male,high
138832,Brinchmann,male,high
128256,Ezechie,female,high
128257,Littlewood,female,high
110951,CHAPMAN,female,high
83745,JONES,male,low
137997,HAMPSON,female,high
137998,HOWELLS,male,high
54366,MANZOOR,female,high
138046,HEATON,female,high
138337,SHARMA,male,high
79498,COOPER,female,high
111488,VERMA,male,high
110963,HUNTER,female,low
124264,VILLABON,female,high
133422,CANHA,male,high
100925,Ariel,male,medium
135555,HUSSAIN,male,high
135557,ZAK,female,high
108349,HULBERT,female,high
133463,KAM,male,low
135583,Horvath,female,high
133811,GOTTLIEB,male,high
133836,CAIRA,male,high
135540,KALO,female,high
133402,DAY,female,low
135612,VAN DINTER,female,high
135611,SALAZAR,male,high
133937,Mason,female,high
124727,ALI,female,high
123696,PANDE,female,high
136749,BULDU,male,medium
136750,CAMPANIELLO,male,high
136752,HURER,male,high
136753,KARAOGLAN,female,high
136754,KAZMI,male,high
90243,OZER,male,high
136755,POLAT,male,high
136756,POLAT,female,high
134898,MUNGOMBE,male,high
136679,ABABIO,female,high
90278,GREGORY,female,low
136684,VAN LEUR,female,medium
90304,ALI,male,high
135025,FETTA,female,high
135026,HUSEYIN,male,high
135027,JUNE,female,medium
124728,AYDEMIR,female,high
136716,AYYILDIZ,female,high
90502,BEYZADE,female,medium
90348,AKBULUT,female,medium
134622,HALIL,male,high
90717,HIFJUR,male,high
134623,IVANOVA,female,high
46032,KASPRZYK,male,high
134626,MAYUBA,female,high
134632,YOKA MPELA,female,low
134629,ROBERTS,female,high
134630,SALIM,male,high
134631,SHAH,male,high
134698,EVES,female,low
46227,OZAYDIN,male,high
136152,TONBUL,female,high
90178,ABDULLAH,female,high
43491,BEDEKOVA,female,high
135620,HAJITTOFI,male,high
135625,TIRSEN,male,high
135626,WILLIAMS,male,medium
135438,ALI,male,high
135439,ALI,female,high
135440,CHARALAMBOUS,male,high
90399,PAUN,female,high
135441,GONCALVES DIAS DA SILVA,male,high
124889,TISKAYA,female,high
134323,ALMA,male,high
134324,BACAK,female,high
134325,CONTEH,male,high
134327,CRUICKSHANK,female,high
134328,EKICI,female,high
134329,EKICI,female,high
43150,BOZTAS,male,high
136688,BULDUK,female,high
136690,KOCHANKOVA,female,high
136691,MATTA,female,high
136694,POLAT,male,high
90458,GYOSHEVA,female,high
133861,PERES,female,high
133862,STOCKHOUSE,female,high
40990,YUSUF,male,high
136727,HARRISON,male,high
134502,ROSS,male,high
134288,KAYGILI,male,high
134289,POWELL,male,high
123698,RAJAB,male,high
134290,YAVUZ,male,high
136734,DURSUN,female,high
136744,ZIA,female,high
123694,AKDEMIR,female,high
134462,DANAILOV,male,high
78864,NEZA,male,high
134468,SABOOR,male,high
124732,AKGUL,male,high
84422,MORREALE,female,high
84424,MISTRY,female,low
136783,BILECEN,female,high
136785,CAKIROGLU,female,high
136786,EFSTATHIOU,male,high
136790,ORUC,female,high
136793,SMITH,female,high
134047,QIRJO,female,high
134008,SANGHA,male,high
83388,LAVIOLETTE,male,high
132586,SINGH,male,medium
135054,UBAH,male,low
132577,COHEN,male,high
135183,SADAF,male,high
135201,KARARI,male,high
106954,WHITBREAD,female,high
135266,ATWAL,male,high
93833,PUGSLEY,female,high
137413,HUSSEIN,male,high
105505,JAYATILLAKE,female,high
138483,Morgan,male,high
118371,Mupenda,male,high
78920,BROWN,female,high
102225,MCGILL,male,high
78807,REILLY,female,high
134053,Giddens,male,high
101430,SUBRAMANIAN,male,high
117743,SANGHA,female,high
132522,SEBASTIAN,male,high
132577,COHEN,male,high
134655,Grimwood,female,high
132437,CARRINGTON,female,high
68844,MERIFIELD,female,high
108022,SHARIFF,female,high
101033,Oxley,male,high
112165,WARNER,female,high
134634,ROCHA,male,low
131452,JACKSON,female,high
132617,KUMAR,female,high
100640,Ninnim,female,high
83388,LAVIOLETTE,male,high
132586,SINGH,male,medium
132605,LAVER,male,high
68236,MCIVOR,male,high
9606,REID,female,low
127214,MALVIYA,male,high
90258,WILSON,female,high
132632,MERISON,male,medium
106219,ANBOUCHE,male,high
136018,Murray,female,low
134728,DAVIS,male,low
102573,WINTERS,male,high
132625,PHIPPS,female,high
96653,COJOCARU,male,high
107696,KURRA,female,high
109893,ROY,male,high
134248,Morris,female,high
132941,ISHAKOGLU,male,high
132956,LEGESSE,female,high
133183,PYE,male,high
133134,AL-SAKET,female,high
133099,JHAVERI,female,high
91004,BURGESS,female,high
127683,MUNNS,female,high
110777,MARIE,male,high
128421,WATSON,female,high
138365,Sowerby,female,high
138357,Scott,female,high
138409,Farsi,male,high
138447,Patel,male,high
110753,Chanse,female,low
139065,McCaugherty,female,high
139083,Kinnaird,female,high
139054,Balwierz,female,high
139055,Esene,male,high
139060,Meecham,female,high
139043,McLean,male,low
39551,Rengifo,male,high
123873,Hicks,female,high
138903,Mulholland,female,high
138907,Witts,male,high
123874,Yohannan,male,medium
138982,Robson,male,high
16368,Russow,male,high
139016,Simpson,female,high
139046,Akin,male,low
139051,Petrylaite,female,high
139022,Ord,male,high
138872,Daughtry,male,high
16441,Stanaway,male,high
67007,Ross,male,high
127250,Santilal,female,high
132733,SMALLEY,male,medium
132897,BRADLEY,male,high
110667,BRYANT,male,high
132803,NEWMAN,female,high
111155,RICKETTS,male,high
122792,Dawodu,female,low
127807,Headon,male,high
42644,Johnson,male,high
124963,Ranabhat,female,high
128152,HUTCHCROFT,male,medium
128154,LAVRENTIEV,male,high
128640,ALBISTON,male,medium
128642,HISBANI,female,high
127832,KUNCHAMWAR,male,high
127853,CUMMINS,male,high
108954,QADAR,female,high
127903,OLUMIDE,female,high
127907,BESIM,male,high
45265,GREENWELL,female,low
127968,MANDIKA,male,high
127969,MUIR,female,high
127971,Tamber,male,high
127943,PROTEA,male,high
127977,KENNEDY,female,high
127983,GHOSH,female,high
127984,HUBBARD,female,high
127999,COZER,female,high
128040,ERAZO,male,high
124962,KANDEL,male,high
128082,CORNISH,female,low
128086,SOLOLA,male,low
128102,DIAZ,male,high
128103,GJOKA,male,high
128105,IDOWU,male,high
128107,SIYID,male,high
128014,KALIA,female,high
128015,KELLY,female,high
128017,MOORES,female,high
128020,Perera-Delcourt,male,high
43288,Smith,female,high
89905,LONGHURST,male,high
128128,CRACKNELL,male,low
128129,GIBBS,female,low
128132,PEKKOLA,male,high
128133,Protea,female,high
101879,Hester,male,high
124639,LAHAI,female,high
132221,WOJCIECHOWSKA,female,high
132126,FELDMAN,male,high
117909,MOSKOVITS,male,high
124640,OYEBADE,female,medium
132293,COLE,female,high
41177,ETTI,female,high
110300,GREGG,male,high
132294,MACHALEWSKA,female,high
94392,MIKOLAJEWSKI,male,high
132059,OWOH,female,low
132166,JOSEPH,male,high
132167,NOVE,male,medium
132168,STANLEY-MITCHELL,female,high
132512,CASTELLO-CORTES,female,high
132514,FRAZER-CARROLL,female,high
132515,OLASUNBO,male,high
132568,BAY,male,high
40889,KELLY,male,medium
132571,SUBRATIE,female,high
132557,AIYUBI,female,high
132558,ANKER,male,low
132560,MBONYE,male,high
132561,MIERZEJEWSKA,female,high
132562,MUZAFFAR,male,high
132563,POP,female,high
124646,ADEKOYA,male,low
132549,MIERZEJEWSKA,female,high
132551,NEGIN,male,high
132552,SHARIF,female,high
132553,SKONIECZNY,male,high
40185,HASSAN,male,high
132543,OKEKE,male,high
132544,TODOROV,male,high
132179,CHEREJI,male,high
132180,ELLERTON-KAY,male,high
116966,JAISIN,male,high
132182,MUHAMMAD,male,high
84598,TINAZ,male,high
132529,CROWE,male,medium
41474,DABROWSKA,female,high
132531,LEVENQ,male,high
41307,MCKENZIE,male,high
124480,BAYIR,female,medium
40182,BIGLEY,female,high
132490,CIZYNSKA,female,high
132492,IWINSKA,female,high
132507,CYMERMAN,male,high
132508,SKONIECZNA,female,high
132509,SKONIECZNY,male,high
132510,WILMAR,male,high
40497,OZSEN M,male,high
132274,RAPAPORT,male,high
132275,ZOLNIERZAK,male,high
132276,ZOLNIERZAK,female,high
124649,DEMIR,female,high
132538,MALIK,male,high
132426,BABAD,male,high
132427,DAVIS,female,high
132428,FLEMING,female,low
132429,KNEZEVIC,male,high
94463,KRAUTWIRT,male,high
132430,LEIBOWITZ,male,high
124651,ONI,female,high
40269,STEINBERGER,male,high
132158,HUSSAIN,male,high
132159,HUSSAIN,male,high
132160,KLEIN,male,high
132161,KULKARNI,male,high
73838,LISSER,male,high
40232,PAPIER,male,high
132084,OTTO,male,high
40341,WYPYCH,female,high
132348,ADIR,male,high
132378,MOSKOVITZ,male,high
132381,WANAT,female,high
127512,KELLY,female,high
127202,SMITH,male,high
16049,WHYTE,male,high
128650,OLDFIELD,male,high
133656,CHIRILIUC,male,high
133661,HESS,male,high
133693,SHERIFI,male,high
133624,DUCKWORTH,male,high
88639,KISS,male,high
133628,TARIQ,male,high
133728,GARIMELLA,female,high
133731,MIUCCI,female,high
133733,ZABAVNIK,male,high
133756,CERVENOVA,female,high
133758,HENDRICKS,male,high
39646,OLIAJI,female,high
88573,SARMO,female,high
133876,MOHAN,female,high
133884,GROHS,female,medium
133889,CAMPBELL,male,high
133890,CROCKER,male,low
133893,KHAN,male,high
133636,CHOWDHURY,male,high
39632,ALFORD,female,high
133922,RADER,male,high
39611,Dragadze,female,high
133948,Morley,male,high
88581,AFONSO,male,high
133697,LUSSAN,male,high
133699,NAIR,male,high
133700,OMAR,female,high
133976,BASSI,male,high
133983,MARCINKOWSKA,female,high
35176,DOUAS,male,high
133805,FITZHUGH,female,high
133807,MCCARTHY,male,high
133808,OWUSU,male,high
133969,TROVATO,male,high
39738,CHEVOPPE-VERDIER,male,high
133849,ESPINAS,male,high
88683,MONERAWELA,male,low
133797,IMAM-SADEQUE,male,high
133798,MANSURI,female,high
133741,COEN-D'ARCY,female,high
133742,IMAM-SADEQUE,female,high
39717,MARSHALL,male,high
133745,REYNOLDS-IMAM,male,high
131104,CLARKE,male,high
31127,BROOKS,female,high
97220,IBRAHIM,male,high
129497,FERREIRA,male,high
131160,FITZGERALD,male,high
86920,PATEL,male,high
131235,PEACE,male,high
77977,Namdeo,female,high
27327,VAUGHAN,male,high
124624,ALI,male,medium
133407,Saar,male,high
42733,BAINS,male,high
133283,OGUNLEYE,female,low
110777,MARIE,male,medium
132152,CROSSLEY,male,medium
31108,CARD,female,high
131159,ANINMADU,male,low
110667,BRYANT,male,high
132733,SMALLEY,male,medium
133574,Mamode,male,high
32305,Davies,male,high
133115,Johnstone,female,high
13167,BOWERMAN,female,high
133192,POLLARD,male,high
131174,CAMDEN-SMITH,female,high
126052,BAKMAN,female,high
123996,EGEMONYE,male,low
136529,LEWIS,male,high
93085,PHILLIPS,male,high
136530,SHARMA,male,high
87881,KONO-UGEN,male,low
136537,NICOLAOU,female,high
136356,AJAO,male,low
93166,TOBIN,female,high
124008,TOGUZ,female,high
136380,AHMED,male,high
136382,HEMBROM,male,high
92500,JOHNSON,female,high
136757,CARVER,female,high
136761,MIHELE,female,high
123993,PARRY,female,high
136403,GIBSON,male,medium
136405,SHTIPSKA,female,high
124304,AKSIT,male,high
124303,FITZGERALD,male,high
136394,MUHAMMAD,female,medium
136395,NIERWETBERG,female,high
136551,BRAUN,female,high
136552,ESPOSITO,male,high
136556,WRIGHT,female,high
136360,BECKFORD,male,high
136363,ERCAN,female,high
136367,PIADLOWSKA,female,high
136368,PIADLOWSKI,male,high
124009,ZOLA,male,low
136137,HENRIQUES,male,medium
93115,OVAT,female,high
124308,AHMED,male,medium
124309,BRANDS,female,high
136526,PIADLOWSKA,female,high
136527,RODRIGUEZ,male,high
93142,ROYDE,male,high
136501,DIMITROVA,female,high
123995,KAMAL,male,high
93022,MATTHEWS,female,high
124311,IOZZI,male,high
136486,MIHELE,male,high
124312,THACKER,male,high
124002,ABARI,female,high
124315,JOSEPH,female,high
136353,POWELL,female,high
136354,RAMANENKA,male,high
136355,THEODOROU,female,high
136407,BLACK,male,low
124316,TACKIE,female,high
136436,DUNCAN,female,high
44046,LALOBO,male,high
136439,NGOIE,male,medium
44010,OSTROWSKI,female,high
132656,ULGER,female,high
136455,GRIGOROVA,female,high
93202,MAHBUB,male,high
136459,PATHAN,male,high
136462,RAFIQ,male,high
95575,TSANGARIDES,male,high
123998,BOZDOGAN,female,high
136318,FURERAJ,male,high
93207,IYNGKARAN,male,high
136323,MIHELE,male,high
136324,MOHAMMED,female,high
136326,SMITH,male,medium
136327,WEI,male,high
131452,JACKSON,female,high
109549,WHITE,female,high
112130,HINDOCHA,female,high
132634,MOHAMED FARZAN,female,high
92768,KIM,female,low
92830,MEHTA,female,high
132636,RADIA,male,high
132627,VASDEV,male,high
132654,BORGESE,male,high
47731,MOSHENSON,male,high
132657,PAIDE,female,high
132802,AALARI,male,high
47358,BHARADIA,male,high
47359,CHOWDHURY,male,high
132801,PATEL,female,high
132804,PATEL,female,high
132819,PATEL,male,high
126700,ORENSTEIN,male,high
47362,PAREKH,male,high
124030,PATEL,female,high
126699,SERALLI,male,low
92923,TELI,male,high
47596,ALI,male,high
132872,ARASAN,male,high
124038,MONTONE,male,medium
133233,NARENTHIRAN,male,high
124039,PATEL,male,high
47982,SHAH-LEVY,female,high
124032,BERWICK,female,medium
133629,DAMIAN,male,high
133635,GILCA,male,high
42280,PATEL,male,high
137367,PATEL,male,high
137393,TALIB,male,high
137444,PERIHAR,male,high
138298,POBLETE,female,high
48314,PROCTOR,female,high
134252,RAJ,male,high
45775,RESCIA,male,high
48032,SURESH,female,medium
138300,VADHER,female,high
138115,BOSE,male,high
138116,CELASCHI,male,high
47978,HALAI,female,high
47979,HIRANI,male,high
138119,PATEL,female,high
138120,SHAH,female,high
48315,SHAH,female,high
92815,SUMARIA,male,high
92070,VAKESAN,male,medium
133813,DATTA,male,high
48588,DIGHE,male,high
45892,RABADIA,female,high
133822,SINGH,female,high
138226,WALIA,male,high
138227,WILKINS,male,high
92798,HUSSAIN,male,high
48039,PARMAR,female,high
92930,PATEL,male,high
137578,MOHAMED RAZICK,female,high
137580,SHARMA,male,high
133909,STROE,female,high
92767,JACKSON,male,high
124033,KAILASA,female,low
47764,LEWINSON,female,high
134644,KOWALCZYK,male,high
48469,KUMARAN,male,medium
134648,PANDEY,male,high
138208,ALI,female,high
92814,JOSHI,male,high
83940,KARIA,male,high
138209,MURUGESH-WARREN,male,high
126744,SINGH,male,high
126747,SOUNDARARAJAN,female,high
137552,BRANAUANATHAN,male,high
92118,IDAIKKADAR,male,medium
126707,KANNAN,male,high
124034,SHIYANI,female,high
138245,JAISWAL,male,high
90167,KALU,female,high
138264,KRISHNASAMY,male,high
124024,MALL,male,high
127075,MANCHANDA,female,high
127080,PAREKH,male,low
48563,PATEL,female,high
124026,SIRHAN,male,high
138075,KANJI,male,high
138079,WADAWADIGI,male,high
123769,AGRAWAL,male,high
45888,CHOUDHURY,female,high
137562,CHOURDIA,female,high
124027,KHAN,male,high
124028,KORJOV,male,high
45890,MARU,male,high
47361,MURPHY-STRACHAN,female,high
48317,WOLSELEY OPUOGULAYA,male,low
126716,PRAKASH,female,high
137638,JHALA,male,high
137640,PATEL,male,high
127170,Hawkes,female,high
127317,Bialkowska,female,high
126296,Kopit,male,high
80312,Boddy,male,medium
44141,Mosesson,male,high
133455,RUMFITT,male,high
133463,KAM,male,low
133484,SOLAMITO,male,medium
133493,RANKIN,male,medium
133500,CHAPMAN,male,high
133514,DUCZMAL,male,high
133516,MCCULLOCH,male,medium
133562,MCDERMOTT,male,medium
133564,ROSS,female,high
112059,ROBERT,male,high
13167,BOWERMAN,female,high
112089,DIAMOND,female,high
137728,ANEKWE,male,medium
124184,MOGAJI,male,high
137728,CHOWDHURY,female,high
137732,SEN,male,high
137734,TSE,male,high
138040,Bhardwaj,male,medium
137967,Echedom,male,high
138010,Islam,male,medium
138007,Joseph,male,high
137978,Subramani,female,high
124191,ANSARI,female,high
137670,KHAIRA,male,high
43112,BROWN,female,high
137826,COLAK,female,high
137828,KUKIELKA,female,high
137811,JACOB,male,high
124199,RAYAPROLU,male,high
124201,KOTHARI,male,high
137762,KUMAR,male,high
137763,RENGARAJAN,male,high
137736,ALADETOYINBO,male,high
124207,BOWERS,male,high
91091,BROWN,male,medium
137740,KATARIA,male,high
123487,OLADELE,male,low
137650,AMIN,male,high
137652,BIVOL,male,high
137655,JAHAN,female,high
137656,KUMAR,female,high
137789,CAMPORASO,male,high
42913,WHITE,male,high
43039,PATEL,female,high
137785,WHITE,female,high
124217,DELAUNE,female,high
137806,ZADEH,male,high
133863,ADEEKO,female,high
133917,COLIBA,male,high
133995,HOQUE,male,high
137723,BOGDANOVAS,male,high
129407,HUSSAIN,male,high
41836,PERSAUD,male,low
134225,AHMAD,male,high
134174,SELVARAJ,male,high
38487,CEKAVICIUS,male,high
124227,DEVERSHETTY,male,high
91469,OSAMMOR,female,high
137786,AHMED,male,high
137874,DAUDISS,male,high
137875,GUPTA,male,high
137876,IDRIS,female,high
42453,NWAFOR,male,medium
137862,JOAO,female,high
137863,JUSTO,male,high
125745,MADDASANI,male,medium
137864,SINGH,male,high
137752,RAHMAN,male,high
94985,BASIT,female,high
93218,GUDI,female,high
128139,JOHNSON,male,low
128140,KAUR,female,high
91857,PUNJA,female,medium
45873,SINGH,male,high
74044,DAVIES,male,high
128233,KHURSHEED,female,high
124378,RAVAL,male,high
128234,RODWELL,male,high
128235,Singh,male,high
128198,KHANOM,female,high
128199,MASRANI,male,high
128201,MUNIR,male,high
128204,Saunders,female,high
128338,GILL,male,medium
128346,SINGH,male,high
128347,SINGH,male,high
94816,ALI,female,high
128258,ALI,male,high
128260,BAIG,male,high
128262,BHANDARI,male,high
128263,DHESI,male,high
128264,EL-SHETOB,male,high
128266,KALIRAI,male,high
46557,Sansarpuri,male,high
128269,Singh,male,high
128259,Sowe,male,high
47461,BISNAUTHSING,male,high
94986,GARG,male,high
128365,MISTRY,male,high
128366,QUADROS,male,high
128367,SALIMIAN,male,high
128368,THIND,male,high
128423,EVANS,male,high
128427,MOLINSKA,female,high
128428,ROSS,male,medium
128429,SHAMSUDDIN,male,high
93555,CHAMDAL,female,high
128435,RAZAK,male,high
45930,SABARWAL,male,high
94380,BANERJEE,male,high
127955,MAHMOOD,male,high
127961,SETHI,male,medium
48139,GOHIL,female,high
128462,KAUR,female,high
45869,BIRAH,male,high
128483,LATIF,female,high
128484,MALLICK,male,high
128485,MALLICK,female,high
94955,RATHORE,male,high
43846,DHILLON,male,high
128508,JHALA,male,high
43847,LAKHMANA,male,high
128509,NAWAZ,male,high
128512,QUADRY,male,high
128513,RAJPUT,male,high
128514,SHEIKH,male,high
128529,HUGHES,male,low
128531,PUNJA,female,high
128532,UYANIK,male,high
128556,AKINWALE,female,high
128558,SANTOS,male,high
128559,SINGH,male,high
128601,ANDHRUTKAR,male,high
128607,PHENYO,female,high
128610,SVAVARSSON,male,high
128290,ALI,male,high
128291,DILDAR,male,high
128297,PHENYO,male,low
128299,Shah,male,high
128300,Taneja,male,high
127709,BANSAL,male,high
127715,PARSAYAN,male,high
127718,UPADHYAY,female,high
91853,ABBY,male,high
128447,ISKRA,female,high
128448,KAUR,female,high
128450,MAND,male,high
128451,MENON,female,high
128454,Rafique,male,high
128094,FARINHA DE CASTRO,male,high
128091,DESAI,male,high
128092,DESWAL,female,high
128093,DHOT,male,medium
93652,MARQVARDT,female,high
127646,AHAMMAD,male,high
127655,Saed,female,high
127656,Tanjore,male,high
129010,DARNAL,male,high
72650,FARMAHAN,male,high
129011,GURUNG,male,high
129013,JASSAL,male,high
129015,MOHAMUD,male,high
126222,QUINN,male,high
129016,SACHDEVA,male,high
129017,SOHI,female,high
129020,TUMILOWICZ,female,high
129023,CHAUHAN,male,high
129024,HASHMI,female,high
124369,CRAWLEY,male,medium
47391,GREWAL,male,high
129018,PARKINS,male,low
88374,ULFAT,male,high
128942,FERNANDES,male,medium
123496,RANDHAWA,male,medium
122960,DHILLON,male,high
128922,KUMARI,female,high
46116,RAJ,female,high
84688,RAZA,male,high
128923,SUNDA,male,high
47639,ADAMOVS,male,high
88263,KHIDER,female,high
129032,LINGDEN,male,high
122970,SINGH,male,high
88300,SINHA,male,high
47518,TAK,male,high
129046,CHABRA,female,high
118551,PARULEKAR,male,high
126237,POLAT,male,high
129061,LINDSTEN,male,high
129114,KAUR,female,high
129117,VINOTH KUMAR,female,high
88197,MEHMOOD,male,high
117894,TARIQ,female,high
129118,ZIMNA,female,high
47645,GREWAL,male,high
129073,KAUR,female,high
124497,MUDALIAR,male,high
124495,PEREIRA,male,high
129075,SHARMA,male,high
129084,AHMADIEH,male,high
129085,AHMED,female,high
88173,ATHWAL,male,high
129087,KHOSA,male,medium
129088,KIRTIKAR,male,high
47248,LAL,male,high
129089,MANN,male,high
126241,NVONO-ECORO,female,high
129090,SMITH,female,high
129092,GILL,male,high
129093,KAUR,female,high
129094,KHAN,male,high
129098,SHAH,male,high
126244,BAINS,male,high
129003,CHAND,male,high
39138,GREWAL,male,high
39139,GREWAL,male,high
129006,RAUT,male,high
129007,RODRIGUES,female,high
129103,AHUJA,male,medium
124357,BENJAMIN,male,high
129105,BORPATLA,male,high
126246,KORAM,male,high
124358,MATTU,male,high
129121,COLTEA-RADU,male,high
129122,FAROOQ,male,high
129123,HUSSAIN,female,high
129125,NAGI,male,medium
88387,REHMAN,male,high
129126,UMERE,male,high
45622,ALI,male,high
129135,Bakó,female,high
122969,LEITOIU,female,high
89101,Valluru,male,high
128957,BORPATLA,female,high
123766,GANACHARI,male,high
128960,KHOSA,male,high
128961,PARMAR,female,high
128962,SEKHON,male,medium
128963,SINGH,male,high
128964,VERMA,male,high
129144,BOGHIU,female,high
129146,PARULEKAR,female,high
129147,RATHI,female,high
129148,WAGU,female,high
39116,CHAUDRI,female,high
129161,FERNANDES,male,high
124360,TIWARI,female,high
128985,AL-MAHDI,female,high
128990,KUMAR,male,high
128992,NAYAK,female,high
127760,ADEMINIYI,female,low
127764,SIDDIQUE,female,medium
127610,OWENS,male,high
127823,PAGE,female,high
127847,ARDELEAN,male,high
127849,GEO,male,high
119149,MAHMOOD,male,high
128002,AUSTIN,male,medium
28061,COSTELLO,female,high
128032,KENNINGTON,female,high
128034,REVEL,female,medium
91147,MOKBUL,female,high
109157,Westerman,female,high
128350,ETCHART,female,high
128351,KASDOVASILIS,male,high
128353,McGOWAN,male,high
127555,Neil,male,high
128629,NDEBELE,male,low
127017,HAYNES,male,low
127018,KIYINGI,male,low
125281,LAZAR,female,high
127035,PHILIP,male,high
125266,BERCULEAN,female,medium
127054,Scott,male,low
132048,BABU,male,high
24703,PEACEY-WILCOX,female,high
132098,GALLOP,female,high
132104,MAGILL,male,high
132123,STEVENSON,female,high
132131,KIRKBY,male,medium
135446,BURNS,male,high
136027,AKUNDI,female,medium
136028,HAYWARD,male,medium
136035,PATEL,male,medium
136089,NOAKES,female,high
136093,LIGHTFOOT,male,medium
136203,WILLIAMS,female,high
137323,BROWN,female,high
90826,LE LANNOU,male,high
125207,PRASAD,male,medium
136963,ALI,female,high
136964,BACKHOUSE,male,high
90864,MARTYNCHYK,male,high
137604,MARTINEZ BENITO,male,high
90883,LI,male,medium
137603,MAKHAPILA,female,high
137554,BONETTI,male,high
137557,FERRINI,male,high
137560,PAULMIER,female,high
138137,Gib,male,low
138138,Hassan,female,high
138145,Yusuf,male,high
125211,DEWAN,female,high
136653,JOHNSON,female,high
117950,NANDA,female,high
45214,SAFI-NGONGO,female,high
136122,JAFFER,male,high
136124,KNIGHT,female,high
136128,ZARDOSHTI,female,high
91036,IBRAHIM,female,medium
136775,KUBIAK,male,high
137096,CHENOT,female,high
91055,CINKO-ONER,female,high
125216,HAMILTON,female,high
137099,NAJI,male,high
46745,TURAN,male,high
47539,Bell-Bradford,male,high
138333,Valero,male,high
76070,Weekes,male,high
137575,HERZUM,female,high
137577,KAY,female,medium
91098,PANDOR,female,high
91111,OGUNRO,female,high
136502,BAPTISTA-MENDES,female,high
91122,ERLICHMAN,female,high
136505,FATAH,male,high
40483,KHURANA,female,high
91141,KOELSCH,male,high
89439,OSBORNE,female,high
125217,SHARPE,female,high
125218,TREADWELL,female,high
137080,ERGUN,female,high
39351,HEALY,female,medium
91281,CAMPOLO,male,high
136832,MAHMUD,female,high
136833,MOLLER,male,high
136834,WATERS,female,high
91515,BARROW,male,high
137037,FARMANFARMAIAN,female,medium
91303,HUDD,female,high
137114,BIDER,female,medium
91325,CHERON,male,high
137149,GHEORGHE,female,high
137151,KORJONEN,female,high
137156,THARMARATNAM,male,high
137199,ESPOSITO,female,high
137284,NAGHI,male,medium
91247,NUR,male,high
137288,SABIN-MOSQUERA,female,high
137427,JESURUN BALLESTAS,female,high
137425,HASSAN,male,high
137431,WAITE,female,high
137445,ACERO,female,low
137448,KELLY,female,high
39910,LARI,male,medium
137452,SUDAN,female,high
137462,MIRNEZAMI,male,high
137464,RAHIMI,male,high
91410,PETIT,female,high
137044,SALEH,female,medium
137470,GILPIN,male,high
91459,KANAVALAU,male,high
136095,CHOWDHURY,female,high
136098,MAMODE,female,high
136100,RAHMAN,male,medium
136101,TANNOUS RITCHIE,female,high
137485,NOBLE,female,high
137490,WHITLEY,male,high
137514,OHAN,female,high
44214,KEMAHLI,male,high
91552,MALIN,male,high
137525,AWIL,male,high
91549,BUERA,male,high
91496,MUHAMUD,male,high
44226,PASCALL,male,high
131944,Makinde,female,high
131945,Malkiewicz-Young,female,high
129438,Sayers,female,high
112069,Kirtiklis,male,high
17335,ALI,male,low
131983,MALIK,male,high
37966,DAD,female,medium
124923,CLARKSON,male,high
132001,WILLIAMS,female,medium
132004,FATOKI,male,medium
132037,JACKSON,female,medium
135525,JOHAL,male,high
88844,KHAN,male,high
126099,MALIK,female,high
137266,DUE-GUNDERSEN,male,high
137269,RAJPUROHIT,male,high
135500,BOYLETT,female,high
76226,COILEY,male,low
135503,LACHOWSKI,male,high
135505,WOOD,female,medium
42991,ABBAS,male,high
137016,ANEJA,male,high
137017,BATEMAN,female,high
123939,KONWAR,female,high
123940,LEE,male,high
88670,QURESHI,female,high
134270,AL-BAGHDADI,female,high
135485,BAHADORI,male,high
135487,CARTERET,female,high
125090,KHWAJA,male,high
125089,CHOHAN,male,medium
136418,NAITHANI,male,high
125444,SAYEED,male,medium
136420,SEATON,female,high
126442,CASSELL,female,high
124858,HILLIER,male,high
135973,LITTO,male,high
135975,PREZILIUS,female,high
126060,SHAH,female,high
137409,OSBOURNE,female,high
137410,WIMALATHASAN,male,high
137318,KALE,male,medium
44241,PANDYA,male,high
88807,BEEKOO,female,high
135409,MAHOMED,female,high
124450,SULTANA,female,high
136580,BIRANT,male,high
136584,KHANDELWAL,male,high
136585,VISCHJAGER,male,high
124456,AREF,male,high
123962,DEMIR,female,high
137104,ALEX,female,medium
137106,BOUDREAU,female,high
126553,KHAWAJA,female,high
137111,SHUKLA,male,high
136863,AL-AZZAWI,female,high
136866,KALUDURA,female,low
43237,THAYALAN,male,medium
137290,BARRETO-KUHLBRODT,male,high
41433,BIBI-SARWAR,female,high
137293,MURPHET,male,medium
137296,TULYANI,male,high
52896,DAVIES,female,high
134924,HARE,male,high
134925,HARVEY,male,medium
109909,IBOR,male,high
134928,OSENI,male,medium
133312,AMIN,female,high
133313,CRAVEN,male,high
8654,SINGH,male,high
135643,AKHTAR,female,medium
88896,DAJI,male,high
135648,HUSSAIN,male,high
135651,MIRZA,male,high
135654,SHAIK,male,high
135657,WASIM,male,high
135693,ALI,male,high
135694,AMIN,male,high
135695,AMJAD,male,high
75258,BARTOSINSKA,female,high
135699,DERVISEVIC,female,high
89494,KAHUT,male,high
138109,HAYES,male,medium
138112,WATSON,female,high
138312,FEROZ,male,high
138319,WILLIAMSON,male,high
136820,MOUNTFORD,female,high
75275,WALKER,female,medium
135721,ADEKOMI,male,low
135722,BURKE,female,high
135728,REYNOLDS,female,high
98057,AHMED,male,high
133903,MOSADDEQ,female,high
134129,CHAUDHREY,male,high
134130,FARAJIMAKIN,male,low
134134,HUSSAIN,male,high
134135,KAPSA,male,high
134138,RAZA,male,high
135777,AMEEN,male,high
135778,BHANA,male,high
109894,DARWAN,female,high
135782,JOHNSON,female,high
135787,WEBSTER,female,medium
89449,YUSUF,male,high
89487,ANWAR,male,high
135827,ISHTIAQ,male,high
135828,KHAN,male,high
135829,PATEL,male,high
135830,RAFIQ,male,high
135831,SADDIQUE,male,high
134186,BIBI,female,high
109898,ARSHAD,male,high
135850,HARRISON,female,high
135853,LATIF,male,high
137569,ETTY,female,high
136470,LEECE,male,medium
136472,MEGBELE,female,high
133569,KAUR,female,high
138277,PINNOCK,female,high
136308,ADEEB,female,high
128503,Higham,female,high
128540,REMBADI,female,high
128560,ISERHIENRHIEN,male,high
128585,MURRAY,male,medium
110640,AROSANYIN,male,high
128552,CANAVAN,male,high
125638,CARLI,male,high
131734,SCHMIDT,male,high
131735,THOMSON,female,medium
131752,BAUR,male,high
94262,KANE,male,high
37163,YAASEN,female,high
125061,MAIREY,female,high
37109,CRICHTON STUART,female,high
11603,LUCACI,male,high
131315,MCCOY-PARKHILL,female,high
130788,GUWAZAH,male,medium
119341,Tesei,male,high
123852,ANES XAVIER,male,high
131321,GUDELJ,female,high
91772,HARPER-WRAY,female,medium
91148,KARTAV,male,high
131541,RANA,male,high
91781,ROYLE,female,high
125779,SOTILLO,male,high
117895,ARMSTRONG,male,medium
94604,DELLA ROCCA,male,high
131622,GLIGORIC,male,high
131623,TWUM,male,high
37104,OGDEN,female,low
131575,SINGH,male,high
123309,OMAR,male,high
123595,KINGSTON,female,high
47254,BROCKWAY,male,high
128173,BOSTOCK,female,high
128028,DARAMY-WILLIAMS,male,high
75863,HYNAM,male,low
128209,NIX,female,high
126194,KESBY,female,high
128126,SADDIQUE,male,high
96484,MANSFIELD,male,medium
128193,CHATURVEDI,female,high
125257,Qayyum,male,high
87551,ADEYEMI,female,high
128309,DINIZ MOTA,male,low
128184,IGIEHON,male,high
128185,Szecsi,male,high
128362,RAJA,male,high
107307,BARTICEL,male,high
14001,IQBAL,male,high
128284,Thukral,male,high
128378,VIROLA,male,high
87579,WILSON,male,high
100855,RAY-JONES,male,medium
92153,BUCOLO,male,high
132850,MORO,male,high
124787,PENFOLD,female,high
124781,ADEWUNMI,female,high
132814,STEWART-RICHARDSON,female,high
133014,IRSHAD,male,high
92288,JABLKOWSKA,female,high
124684,ALLEYNE,male,high
92219,TAM,female,high
92192,ASABERE,male,high
133127,LUCIA,male,medium
133174,CODD,female,medium
92212,COOPER,male,high
92215,JIANG,male,medium
92218,SCHMIDT,male,high
133178,THOMAS,male,high
73834,OBI,female,medium
44526,PASCHOUD,female,medium
133197,RAVINDRA,female,high
124707,SHARPE,male,high
133198,SADANANDAN VIJAYAM,male,high
92249,LESYK,male,high
44542,SYDIAL,male,high
132883,AIELLO,female,high
92262,ANIFOWOSE,female,high
132885,BRODERICK,male,low
132888,MCLURG,female,high
132892,SYDIAL,male,medium
124692,HUNTER,female,medium
92284,ERHERIENE,female,high
133359,ADEN,female,high
92294,HUYNH,male,high
92193,LEACHMAN,male,high
92296,SHEIKH,female,high
124798,GIL,male,high
133357,PINFOLD,female,low
92315,SKEEN,female,high
132915,COMBSTOCK,male,high
129101,MICHELUCCI,male,high
132916,PARDO,male,high
132917,QUIST,female,low
92140,ALMQVIST,male,high
136233,ABDULLAH,male,high
136248,ATHAR,male,high
106472,NICOL,female,high
14800,RYAN,female,medium
112783,KUMAR,male,high
136317,NANTUME,female,high
136348,GARCIA DE BUSTOS,male,high
136606,ADEN,male,high
136608,BIBI,female,high
136686,BATES,female,high
81248,SWARAY-KELLA,male,high
81238,AHMED,male,high
136702,AMIN,male,high
136703,MAJID,female,high
136569,KHAN,female,high
136722,ELKHALIFA,female,medium
136013,BURNS,female,high
136014,KHAJEH,female,high
136645,RAZ,male,high
90925,OGUNBAMBO,male,high
50484,BIBBON,male,high
44014,CHOHAN,male,high
112726,MARTH,male,high
136292,SIKANDAR,male,high
136573,AJAYI,male,high
14755,GRIMSHAW,male,medium
130490,AJAYI,female,low
136675,MCCORKELL,male,high
136678,DELAHUNT,male,high
117836,BILAL,male,high
45941,Razaq,male,high
130484,Zafar,female,medium
130884,JEYAVEERASINGAM,male,low
131153,BEUMER,male,high
131155,HUSSEIN,male,high
94474,NAQSHBANDI,male,high
131479,MIKHEEV,male,high
131481,POWELL,female,medium
131484,DAAIR,male,high
131487,MANDARIN,male,high
94503,OFEIMU,female,high
131518,APPLETON,female,medium
131521,JURCEVIC,female,high
91144,SMITH,female,high
131525,YIP,male,high
131553,FOX,female,medium
131555,HARPER,female,high
93693,SZCZEPANSKI,male,high
131558,TEUMA,male,medium
130624,NICOLAIDES,male,high
130627,Summerson,male,high
131511,NASIR,male,high
131402,LYSENKO,male,high
131594,ABADEEN,male,high
131595,CHEUNG,female,medium
48648,GJETA,male,high
131635,KADIR,male,high
44935,RANJAN,male,high
130976,ASSADI HAGHI,male,low
130979,DANIEL,female,high
102950,PEACE,female,high
117865,SYEDA,female,high
131658,FRASER,male,high
131614,FROLKOVA,female,high
47402,LEWIS-LAVENDER,female,medium
128925,Ahmad,male,high
128928,Amalu,female,medium
128932,Chowdhury,female,high
128939,Connors,male,high
128965,Karim,male,high
128966,Khanom,female,high
128971,Pitfield,male,high
129325,Imran,male,medium
129327,Mehta,male,high
129328,Oluyemi,female,low
129580,SAYED,male,high
129582,Sufi,female,high
129971,CHAKRABORTY,female,high
129975,KOYADA,male,medium
41755,PANTHULA,male,high
129976,ROY,male,high
129651,O'BRIEN,female,high
129962,BILLIMORIA,female,high
90506,KAYANI,female,high
129443,APSE,female,high
13008,KENDRICK,male,high
129453,PARMAR,male,high
129542,ARTHUR,female,high
123839,BARNES,female,high
129545,CHRISTIAN-IWUAGWU,male,high
111546,KADAKIA,male,high
129548,VAMATHEVAN,male,high
129990,GANAPATHULA,female,high
78449,KHAN,female,medium
129997,Morla,female,high
130000,DIVVE,male,high
90572,Wright,female,high
129423,CHOONG,male,high
129431,TEHARA,male,medium
78394,CLARKE,male,high
123841,ISLES-AHITE,female,high
130019,MAHBUBANI,female,high
130023,Schumachers,male,high
130044,AL-AZAMI,female,high
130050,PATEL,male,high
130051,PILLAI,male,high
130052,RAJA,male,high
130053,RAJA,female,high
130077,SALI,male,high
111527,Sharda,male,high
129522,FASANYA,female,low
78427,GREEN,male,high
129524,JOOSTEN,male,medium
129528,Puri,male,high
111539,BEVAN,male,medium
130067,Ungureanu,male,high
130096,Patllola,female,high
128474,WINTER,female,high
90760,EYNON,male,medium
128489,OSODE,female,high
128493,ISLAM,male,medium
128332,CATTERALL,male,low
128580,JAWADIN,female,medium
127992,OLSZEWSKI,female,medium
127996,WHITTAKER,male,high
128550,DICKENS,female,high
128554,SPEKKER,male,high
128568,CONNOR,male,high
128535,KHAN,male,high
135212,RAHMAN,male,high
136163,HE,male,medium
111786,AHMED,male,high
134795,ALI,female,high
134803,WAIN,male,high
133425,MOHAMMED,male,high
133428,SINGH,male,high
136215,NELLIS,female,high
136129,ALAWODE,male,high
37922,KUNDI,female,low
79092,SIDDIQUE,male,high
99040,SADIQ,male,high
135985,MCCARTNEY,male,high
135986,RELLA,male,high
135989,WEATHERILL,male,high
39804,VASIC FRANKLIN,female,high
134078,HIND,female,medium
136335,AHMAD,male,high
136336,ALI,female,high
136341,KHAN,male,high
136344,SAYYED,male,medium
136346,YOUSAF,male,high
136008,HOLLOCKS,male,high
136009,MEHMOOD,male,high
136429,EVANS,male,high
136431,ROGERS,male,high
39750,JOHN,male,high
136480,TAYLOR,male,high
136491,AIRD,male,high
98010,HABIBI,male,high
117878,ABBASI,male,high
138468,ADEDAPO,female,high
138470,AHMED,male,high
93869,ATANASOV,male,high
138472,ELVIN,female,high
138474,KADLE,male,high
138476,KOUNTA,male,high
117936,YOUNG,female,high
137582,BEPARI,male,high
137584,FUSSELL,female,high
137586,HASSAIN,male,high
137588,MOLLA,male,high
93875,TROANTA,female,high
137590,Vabanagiri,male,high
137591,Vitnam,female,high
124160,AHMED,male,high
123947,HUSSAIN,female,high
137008,NKIRE,female,high
137009,NKIRE,female,high
137010,PARANEEHARAN,female,high
137011,RAHEEM,male,high
137012,RAHMAN,male,high
135287,ALAM,male,high
135288,ALI,male,high
123946,BENSON,female,high
124159,HAYDER,male,high
47744,LAING,female,high
47745,NAMWANJE,female,high
124157,Rahim,male,high
124158,YOHANNES,female,high
138543,ALI,male,high
125244,BUCK,male,high
124156,FELEK,male,high
138544,GURMESEVA,female,high
48602,MUGHAL,male,high
138545,ISLAM,male,high
91347,LAWAL,female,high
138552,Smith,male,high
138554,WIJESINGHE,female,high
137946,HUSSAIN,male,high
137947,KHAN,male,high
137948,NAKUM,male,high
137949,NAQVI,male,high
137950,PATEL,male,high
137951,SAHERA,female,high
137953,SHABBER,male,high
137955,SIKDER,male,high
137691,HUSSAIN,male,high
137692,HUSSAIN,male,high
137693,KHAN,female,high
137695,NAMAIA,male,high
137697,ROB,male,high
137698,SHAN,male,high
137700,SINGH,male,high
137701,TALUKDER,male,high
138348,MIAH,female,high
124166,RAHMAN,male,high
138182,AYANO,male,high
138183,BAKARAN,male,high
117877,BHARIWALA,male,high
138185,HOQUE,female,high
138186,JAMAL,male,high
138188,MAHRANE,male,high
138190,PATEL,male,high
138192,RAJA,male,high
138193,WHOMES,female,high
138425,CHOWDHURY,male,medium
138426,HOSSAIN MD,male,high
138428,ISLAM,male,high
138430,MOHAMMED KHATUN,male,high
138429,KITA,female,high
48050,PATEL,male,high
138431,RASOOL,male,high
138432,SHEIKH,male,high
138433,SIKANDAR,male,high
48600,ABDULMUHIT,male,high
138519,DONEV,male,high
138520,GOR,female,high
138521,LIZA,female,high
44655,NANDIVELUGU,male,high
138523,PATEL,male,high
138524,SLAWSON,female,high
138525,YASEEN,male,high
137913,BULLAH,male,high
93755,MARIADAS,male,high
137921,OSMAN,male,high
137922,OZDEMIR,male,high
137925,Shamima,female,high
138505,AHMED,male,high
47990,BANGLAWALA,male,high
138509,KHATUN,female,high
138512,MURUHATHAS,female,medium
138513,RAHMAN,male,high
93874,Saymon,male,high
137706,DUROJAIYE,male,low
137707,ESSEL,male,high
137710,LEE,female,high
137713,TILBURY,male,medium
138369,ADIL,male,high
138370,ALAM,male,high
116875,ALI,male,high
93743,CHOWDHURY,male,high
138373,PATHAN,male,high
123959,QURESHI,male,high
138374,SAEED,male,high
138375,SINGH,male,high
138377,ZEKAI,female,high
135147,ANJUM,female,high
135148,BEGUM,female,high
135150,GRUNTA,male,high
93792,HUSSAIN,male,high
135151,KANEV,male,high
135152,KHAN,male,high
135153,KHAN,male,high
135155,PETCU,male,high
135157,TCHESSE,male,low
124165,ISLAM MD,male,high
138360,LADAN,male,high
93838,LITTERI,male,high
93873,MIAH,male,high
138361,SOORAL,female,medium
124164,TARIQ,female,high
138362,TEFRA,female,high
44680,MEABY,female,high
138488,RAHIM,male,high
138489,SARAVANAN,male,high
47955,SHARIF,male,high
138570,KONKATI,female,high
138571,PATHAN,male,high
138572,SIKDER,male,high
138573,SUMMERS,female,medium
138574,TARAN,female,high
136885,MUGHAL,male,high
136890,ZYGAROWSKI,male,high
137349,ALAM,male,high
137350,AMIN,female,high
137351,BHUIYAN,male,high
93779,DORGHAM,male,medium
137352,HAQUE MD,male,high
137353,HWANG,male,medium
137354,ISLAM,male,high
137358,THOMAS,male,high
136873,ALI,male,medium
136875,Dave,female,high
136878,Ramday,male,high
139113,Shah,female,high
137682,MD ABU,male,high
137676,ALEXANDER,male,high
117399,ANAND,male,high
137678,DADI,female,high
93846,MOHAMADU,male,high
137684,NATHAN,male,low
137685,PARTHIBAN,male,high
49175,PIRAPAHARAN,male,high
45603,AHMED,male,high
138435,BANO,female,high
138437,CREAN,female,high
93683,HENNESSY,male,low
93861,KHAN,male,high
138439,KWARTENG,female,high
138441,MOSTAFA,male,high
93627,CELIS RANGEL,female,high
60377,Taylor,female,high
112676,Jones,female,high
124880,Coleman,female,medium
102434,James,male,high
131768,PURVIS,female,high
123969,PORTEOUS,male,high
128852,GOULD,female,medium
131469,LOMAX,female,high
96966,CLARK,female,medium
32505,LAMBERT,male,high
123286,Adeyemo,male,medium
128979,Dicianu,male,high
136023,Lee,male,medium
118939,Shibli,female,high
113137,Dimitrov,male,high
121754,North,male,medium
117998,GRAY,male,medium
125720,LISTER,male,high
26016,EAGLE,male,high
131687,MAHTANI,male,high
76533,BEHRENDT,female,high
131583,GOMEZ FERNANDEZ,female,high
138042,OANCEA,female,high
138057,OLIVER,male,high
112125,KELLERMAN,male,high
112630,WHARTON,male,high
138096,METCALF,female,high
111632,NOTT,female,high
130569,LAMBERT,female,medium
80416,NEIRA,female,high
130561,MIKULA,female,medium
112676,Jones,female,high
102434,James,male,high
136023,Lee,male,medium
113137,Dimitrov,male,high
138722,Marshall,female,low
121754,North,male,medium
86786,Palamattom,male,high
128917,RUGHOO,male,high
111336,Tabet,female,high
128811,LYDON,male,high
111332,Ajayi,male,high
129068,Khela,male,high
129102,Gilbert,male,high
129107,Mulholland,female,high
126345,BRASSINGTON,male,medium
122661,CARVELL,male,high
86615,COPE,female,high
128982,SINGH,male,high
129173,DOGAL,male,high
47227,VERNON,female,high
129170,OLAIFA,female,medium
129156,Dogal,male,medium
129143,Boughan,male,high
129688,HUSSAIN,male,high
129682,HUSSAIN,male,high
129683,ISLAM,male,high
129684,KANTOROVA,female,high
129699,NAZIR,female,high
129481,DEMELCHOR,female,high
129715,ABID,female,high
129475,ZAMAN,male,medium
129633,ALI,male,high
129637,KOHLI,male,medium
87403,HUSSAIN,male,high
129736,JHANDAD,male,high
129741,HUSSAIN,male,high
129484,AJAWAT,male,high
110068,KHAN,male,high
129713,NAZIR,male,high
129714,Trelore,male,high
112614,Fedorov,male,high
125193,Saeed,male,medium
125194,HAYNES,female,high
122263,SCHESZTAK,male,high
132953,CUNEO-FLOOD,male,high
132985,FARADOON,male,high
132862,SUNKARA,female,high
133003,JACOB,male,low
74384,KOWALSKA,female,high
125625,KAZUZ,male,high
122252,ZAGDANSKI,male,high
133038,PARAU,female,high
133065,DAILEY,female,high
125622,IQBAL,male,high
133066,LAL,male,high
114965,RANIGA,male,high
132947,YIN,female,medium
125199,ASHEBER,male,high
125200,PALAMINI,female,high
90809,AHMED,male,high
133305,BASHIR,male,high
133246,DITTA,male,high
130167,CHOUDHARY,male,medium
130168,IQBAL,male,high
130169,KHAN,female,high
130269,GARDNER,male,medium
19227,HUSSAIN,male,high
130271,TORAK,male,high
86756,MIRAN,male,high
129945,RHAIEM,male,medium
19411,MILLS,male,high
19292,CERESTE,male,high
129788,SETHI,male,high
130156,JARRAL,male,high
86768,VICHARE,male,high
75705,AKHTAR,male,high
97205,AKINYELE,male,medium
129858,DODAMGODA,male,high
110778,AHMED-MUNIR,male,high
129947,BEHRAVAN,male,high
129948,HUSSAIN,male,high
129949,Yasin,male,high
129767,BANYALIEVA,female,high
110782,ALI,male,high
19361,NAWAZ,male,medium
130209,PHILIP,female,high
42435,DALTON,female,high
46834,Tofan,male,high
129260,JANCZAK-HOGARTH,female,high
48233,BRIDGEMAN,female,high
99611,DRAPER,female,high
128880,AGAPESCU,female,high
8862,BALL,female,high
123549,ASADUZZAMAN,male,medium
131062,CUMMING,female,medium
88984,ADENIRAN,male,medium
123548,FUDGE,female,high
82672,SHAH,male,high
131093,KELLEY,male,high
131123,TEIVANE,female,high
131133,MARLOW,male,high
131137,POKOLY,female,high
131152,ZABICKI,male,high
127417,EMMANUEL,female,high
56751,SINGH,male,high
121199,MORE,male,high
56534,COUPLAND,male,high
127371,JARIWALA,male,medium
123174,BAILEY,male,medium
127257,MAHARAJ,male,high
127312,ALECU,male,high
56057,SLATER,female,medium
127271,AHMED,male,high
121216,KOREDE,male,medium
131436,GURUNG,female,high
